{
  "@id": "k10p-metadata.json",
  "@context": { "http://www.w3.org/ns/csvw": { "@language": "en" } },
  "columns": [{
    "name": "organisation_path",
    "titles": [ "organisation_path", "Organisation Path" ],
    "dc:title": "Organisation Path",
    "schema:description": "A sequence of colon separated Organisation Keys that fully specifies the Provider Organisation providing a service to the client.",
    "schema:disambiguatingDescription": "type/organisation_path.rst",
    "schema:dateCreated": "2016-06-22",
    "schema:dateDeleted": "2016-06-22",
    "schema:dateModified": "2016-06-22",
    "datatype": {
      "base": "string"
    },
    "required": true
  },{
    "name": "collection_occasion_key",
    "titles": [ "collection_occasion_key", "Collection Occasion Key" ],
    "dc:title": "Collection Occasion Key",
    "schema:description": "This is a number or code assigned to each collection occasion of outcome measures. The Collection Occasion Key is unique and stable for each collection occasion at the level of the organisation.",
    "schema:disambiguatingDescription": "table/collection-occasion/key.rst",
    "schema:dateCreated": "2016-06-22",
    "schema:dateDeleted": "2016-06-22",
    "schema:dateModified": "2016-06-22",
    "datatype": {
      "base": "string",
      "minLength": 2,
      "maxLength": 50
    },
    "required": true
  },{
     "name": "episode_key",
    "titles": [ "episode_key", "Episode Key" ],
    "dc:title": "Episode Key",
    "schema:dateCreated": "2016-06-22",
    "schema:dateDeleted": "2016-06-22",
    "schema:dateModified": "2016-06-22",
    "required": true
  },{
    "name": "measure_date",
    "titles": [ "measure_date", "Measure Date" ],
    "dc:title": "Collection Occasion - Measure Date",
    "schema:description": "The date the measure was given.",
    "schema:disambiguatingDescription": "table/collection-occasion/date.rst",
    "schema:dateCreated": "2016-06-22",
    "schema:dateDeleted": "2016-06-22",
    "schema:dateModified": "2018-01-02",
    "datatype": {
      "base": "date",
      "format": "dMMyyyy",
      "minimum": "2016-01-01"
    },
    "schema:dateMissingUnknown": "9999-09-09",
    "required": true
  },{
    "name": "reason_for_collection",
    "titles": [ "reason_for_collection", "Reason for Collection" ],
    "dc:title": "Collection Occasion - Reason",
    "schema:description": "The reason for the collection of the outcome measures on the identified Outcome Collection Occasion.",
    "schema:disambiguatingDescription": "table/collection-occasion/reason.rst",
    "schema:dateCreated": "2016-07-08",
    "schema:dateModified": "2016-07-08",
    "datatype": {
      "base": "string"
    },
    "required": true
  },{
    "name": "k10p_item1",
    "titles": [ "k10p_item1", "Question 1" ],
    "dc:title": "K10+ - Question 1",
    "schema:description": "In the past 4 weeks, about how often did you feel tired out for no good reason?",
    "schema:disambiguatingDescription": "table/collection-occasion/k10p/Q1.rst",
    "schema:dateCreated": "2016-06-22",
    "schema:dateDeleted": "2016-06-22",
    "schema:dateModified": "2016-06-22",
    "datatype": {
      "base": "string"
    },
    "required": true
  },{
    "name": "k10p_item2",
    "titles": [ "k10p_item2", "Question 2" ],
    "dc:title": "K10+ - Question 2",
    "schema:description": "In the past 4 weeks, about how often did you feel nervous?",
    "schema:disambiguatingDescription": "table/collection-occasion/k10p/Q2.rst",
    "schema:dateCreated": "2016-06-22",
    "schema:dateDeleted": "2016-06-22",
    "schema:dateModified": "2016-06-22",
    "datatype": {
      "base": "string"
    },
    "required": true
  },{
    "name": "k10p_item3",
    "titles": [ "k10p_item3", "Question 3" ],
    "dc:title": "K10+ - Question 3",
    "schema:description": "In the past 4 weeks, about how often did you feel so nervous that nothing could calm you down?",
    "schema:disambiguatingDescription": "table/collection-occasion/k10p/Q3.rst",
    "schema:dateCreated": "2016-06-22",
    "schema:dateDeleted": "2016-06-22",
    "schema:dateModified": "2016-06-22",
    "datatype": {
      "base": "string"
    },
    "required": true
  },{
    "name": "k10p_item4",
    "titles": [ "k10p_item4", "Question 4" ],
    "dc:title": "K10+ - Question 4",
    "schema:description": "In the past 4 weeks, how often did you feel hopeless?",
    "schema:disambiguatingDescription": "table/collection-occasion/k10p/Q4.rst",
    "schema:dateCreated": "2016-06-22",
    "schema:dateDeleted": "2016-06-22",
    "schema:dateModified": "2016-06-22",
    "datatype": {
      "base": "string"
    },
    "required": true
  },{
    "name": "k10p_item5",
    "titles": [ "k10p_item5", "Question 5" ],
    "dc:title": "K10+ - Question 5",
    "schema:description": "In the past 4 weeks, how often did you feel restless or fidgety?",
    "schema:disambiguatingDescription": "table/collection-occasion/k10p/Q5.rst",
    "schema:dateCreated": "2016-06-22",
    "schema:dateDeleted": "2016-06-22",
    "schema:dateModified": "2016-06-22",
    "datatype": {
      "base": "string"
    },
    "required": true
  },{
    "name": "k10p_item6",
    "titles": [ "k10p_item6", "Question 6" ],
    "dc:title": "K10+ - Question 6",
    "schema:description": "In the past 4 weeks, how often did you feel so restless you could not sit still?",
    "schema:disambiguatingDescription": "table/collection-occasion/k10p/Q6.rst",
    "schema:dateCreated": "2016-06-22",
    "schema:dateDeleted": "2016-06-22",
    "schema:dateModified": "2016-06-22",
    "datatype": {
      "base": "string"
    },
    "required": true
  },{
    "name": "k10p_item7",
    "titles": [ "k10p_item7", "Question 7" ],
    "dc:title": "K10+ - Question 7",
    "schema:description": "In the past 4 weeks, how often did you feel depressed?",
    "schema:disambiguatingDescription": "table/collection-occasion/k10p/Q7.rst",
    "schema:dateCreated": "2016-06-22",
    "schema:dateDeleted": "2016-06-22",
    "schema:dateModified": "2016-06-22",
    "datatype": {
      "base": "string"
    },
    "required": true
  },{
    "name": "k10p_item8",
    "titles": [ "k10p_item8", "Question 8" ],
    "dc:title": "K10+ - Question 8",
    "schema:description": "In the past 4 weeks, how often did you feel that everything was an effort?",
    "schema:disambiguatingDescription": "table/collection-occasion/k10p/Q8.rst",
    "schema:dateCreated": "2016-06-22",
    "schema:dateDeleted": "2016-06-22",
    "schema:dateModified": "2016-06-22",
    "datatype": {
      "base": "string"
    },
    "required": true
  },{
    "name": "k10p_item9",
    "titles": [ "k10p_item9", "Question 9" ],
    "dc:title": "K10+ - Question 9",
    "schema:description": "In the past 4 weeks, how often did you feel so sad that nothing could cheer you up?",
    "schema:disambiguatingDescription": "table/collection-occasion/k10p/Q9.rst",
    "schema:dateCreated": "2016-06-22",
    "schema:dateDeleted": "2016-06-22",
    "schema:dateModified": "2016-06-22",
    "datatype": {
      "base": "string"
    },
    "required": true
  },{
    "name": "k10p_item10",
    "titles": [ "k10p_item10", "Question 10" ],
    "dc:title": "K10+ - Question 10",
    "schema:description": "In the past 4 weeks, how often did you feel worthless?",
    "schema:disambiguatingDescription": "table/collection-occasion/k10p/Q10.rst",
    "schema:dateCreated": "2016-06-22",
    "schema:dateDeleted": "2016-06-22",
    "schema:dateModified": "2016-06-22",
    "datatype": {
      "base": "string"
    },
    "required": true
  },{
    "name": "k10p_item11",
    "titles": [ "k10p_item11", "Question 11" ],
    "dc:title": "K10+ - Question 11",
    "schema:description": "In the past four weeks, how many days were you totally unable to work, study or manage your day to day activities because of these feelings?",
    "schema:disambiguatingDescription": "table/collection-occasion/k10p/Q11.rst",
    "schema:dateCreated": "2016-06-22",
    "schema:dateDeleted": "2016-06-22",
    "schema:dateModified": "2016-06-22",
    "null": "99",
    "datatype": {
      "base": "integer",
      "minimum": 0,
      "maximum": 28
    }
  },{
    "name": "k10p_item12",
    "titles": [ "k10p_item12", "Question 12" ],
    "dc:title": "K10+ - Question 12",
    "schema:description": "Aside from those days, in the past four weeks, how many days were you able to work or study or manage your day to day activities, but had to cut down on what you did because of these feelings?",
    "schema:disambiguatingDescription": "table/collection-occasion/k10p/Q12.rst",
    "schema:dateCreated": "2016-06-22",
    "schema:dateDeleted": "2016-06-22",
    "schema:dateModified": "2016-06-22",
    "null": "99",
    "datatype": {
      "base": "integer",
      "minimum": 0,
      "maximum": 28
    }
  },{
    "name": "k10p_item13",
    "titles": [ "k10p_item13", "Question 13" ],
    "dc:title": "K10+ - Question 13",
    "schema:description": "In the past four weeks, how many times have you seen a doctor or any other health professional about these feelings?",
    "schema:disambiguatingDescription": "table/collection-occasion/k10p/Q13.rst",
    "schema:dateCreated": "2016-06-22",
    "schema:dateDeleted": "2016-06-22",
    "schema:dateModified": "2016-06-22",
    "null": "99",
    "datatype": {
      "base": "integer",
      "minimum": 0,
      "maximum": 89
    }
  },{
    "name": "k10p_item14",
    "titles": [ "k10p_item14", "Question 14" ],
    "dc:title": "K10+ - Question 14",
    "schema:description": "In the past four weeks, how often have physical health problems been the main cause of these feelings?",
    "schema:disambiguatingDescription": "table/collection-occasion/k10p/Q14.rst",
    "schema:dateCreated": "2016-06-22",
    "schema:dateDeleted": "2016-06-22",
    "schema:dateModified": "2016-06-22",
    "datatype": {
      "base": "string"
    },
    "required": true
  },{
    "name": "k10p_score",
    "titles": [ "k10p_score", "Score" ],
    "dc:title" : "K10+ - Score",
    "schema:description": "The overall K10 score.",
    "schema:disambiguatingDescription": "table/collection-occasion/k10p/score.rst",
    "schema:dateCreated": "2016-06-22",
    "schema:dateDeleted": "2016-06-22",
    "schema:dateModified": "2016-06-22",
    "null": "99",
    "datatype": {
      "base": "integer",
      "minimum": 10,
      "maximum": 50
    }
  },{
    "name": "k10p_tags",
    "titles": [ "k10p_tags", "Tags" ],
    "dc:title" : "K10+ - Tags",
    "schema:description": "List of tags for the collection occasion.",
    "schema:disambiguatingDescription": "type/tags.rst",
    "schema:dateCreated": "2016-06-22",
    "schema:dateDeleted": "2016-06-22",
    "schema:dateModified": "2016-06-22",
    "datatype": {
      "base": "string"
      }
  }],
  "primaryKey": [ "organisation_path", "collection_occasion_key" ],
  "foreignKeys": [{
    "columnReference": "reason_for_collection",
    "reference": {
      "resource": "table/collection-occasion/reason.csv",
      "columnReference": "id"
    }
  }, {
    "columnReference": [ "organisation_path", "episode_key" ],
    "reference": {
      "resource": "data/episodes.csv",
      "columnReference": [ "organisation_path", "episode_key" ]
    }
  }, {
    "columnReference": "k10p_item1",
    "reference": {
      "resource": "table/collection-occasion/k10p-k5.csv",
      "columnReference": "id"
    }
  }, {
    "columnReference": "k10p_item2",
    "reference": {
      "resource": "table/collection-occasion/k10p-k5.csv",
      "columnReference": "id"
    }
  }, {
    "columnReference": "k10p_item3",
    "reference": {
      "resource": "table/collection-occasion/k10p-k5.csv",
      "columnReference": "id"
    }
  }, {
    "columnReference": "k10p_item4",
    "reference": {
      "resource": "table/collection-occasion/k10p-k5.csv",
      "columnReference": "id"
    }
  }, {
    "columnReference": "k10p_item5",
    "reference": {
      "resource": "table/collection-occasion/k10p-k5.csv",
      "columnReference": "id"
    }
  }, {
    "columnReference": "k10p_item6",
    "reference": {
      "resource": "table/collection-occasion/k10p-k5.csv",
      "columnReference": "id"
    }
  }, {
    "columnReference": "k10p_item7",
    "reference": {
      "resource": "table/collection-occasion/k10p-k5.csv",
      "columnReference": "id"
    }
  }, {
    "columnReference": "k10p_item8",
    "reference": {
      "resource": "table/collection-occasion/k10p-k5.csv",
      "columnReference": "id"
    }
  }, {
    "columnReference": "k10p_item9",
    "reference": {
      "resource": "table/collection-occasion/k10p-k5.csv",
      "columnReference": "id"
    }
  }, {
    "columnReference": "k10p_item10",
    "reference": {
      "resource": "table/collection-occasion/k10p-k5.csv",
      "columnReference": "id"
    }
  }, {
    "columnReference": "k10p_item14",
    "reference": {
      "resource": "table/collection-occasion/k10p-k5.csv",
      "columnReference": "id"
    }
  }]
}
