{
  "@id": "episode-metadata.json",
  "@context": { "http://www.w3.org/ns/csvw": { "@language": "en" } },
  "columns": [{
    "name": "organisation_path",
    "titles": [ "organisation_path" ],
    "dc:title": "Organisation Path",
    "schema:description": "A sequence of colon separated Organisation Keys that fully specifies the Provider Organisation providing a service to the client.",
    "schema:disambiguatingDescription": "type/organisation_path.rst",
    "schema:dateCreated": "2016-06-22",
    "schema:dateDeleted": "2016-06-22",
    "schema:dateModified": "2016-06-22",
    "datatype": {
      "base": "string"
    },
    "required": true
  },{
    "name": "episode_key",
    "titles": [ "episode_key" ],
    "dc:title": "Episode Key",
    "schema:description": "This is a number or code assigned to each episode. The Episode Key is unique and stable for each episode at the level of the Provider Organisation.",
    "schema:disambiguatingDescription": "table/episode/key.rst",
    "schema:dateCreated": "2016-06-22",
    "schema:dateModified": "2016-07-08",
    "datatype": {
      "base": "string",
      "minLength": 2,
      "maxLength": 50
    },
    "required": true
  },{
     "name": "client_key",
    "titles": [ "client_key" ],
    "dc:title": "Client Key",
    "schema:description": "This is a number or code assigned to each individual client referred to the commissioned organisation. The client identifier is unique and stable for each individual within the Provider Organisation.",
    "schema:dateCreated": "2016-06-22",
    "schema:dateDeleted": "2016-06-22",
    "schema:dateModified": "2016-06-22",
    "datatype": {
      "base": "string",
      "minLength": 2,
      "maxLength": 50
      },
    "required": true
  },{
    "name": "episode_end_date",
    "titles": [ "episode_end_date" ],
    "dc:title": "Episode - End Date",
    "schema:description": "The date on which an *Episode of Care* is formally or administratively ended",
    "schema:disambiguatingDescription": "table/episode/end-date.rst",
    "schema:meteorItem": "614094",
    "schema:dateCreated": "2016-06-22",
    "schema:dateDeleted": "2016-06-22",
    "schema:dateModified": "2018-01-02",
    "datatype": {
      "base": "date",
      "format": "dMMyyyy",
      "minimum": "2016-01-01"
    }
  },{
    "name": "client_consent",
    "titles": [ "client_consent" ],
    "dc:title": "Episode - Client Consent to Anonymised Data",
    "schema:description": "An indication that the client has consented to their anonymised data being provided to the Department of Health for statistical purposes in planning and improving mental health services.",
    "schema:disambiguatingDescription": "table/episode/client-consent.rst",
    "schema:dateCreated": "2016-07-08",
    "schema:dateModified": "2016-07-08",
    "datatype": {
      "base": "string",
      "format": "^(1|2)$"
    },
    "required": true
  },{
    "name": "episode_completion_status",
    "titles": [ "episode_completion_status" ],
    "dc:title": "Episode - Completion Status",
    "schema:description": "An indication of the completion status of an *Episode of Care*.",
    "schema:disambiguatingDescription": "table/episode/completion-status.rst",
    "schema:dateCreated": "2016-07-08",
    "schema:dateModified": "2016-07-08",
    "datatype": {
      "base": "string"
    },
    "default": "0"
  },{
    "name": "referral_date",
    "titles": [ "referral_date" ],
    "dc:title": "Episode - Referral Date",
    "schema:description": "The date the referrer made the referral.",
    "schema:disambiguatingDescription": "table/episode/referral-date.rst",
    "schema:dateCreated": "2016-06-22",
    "schema:dateDeleted": "2016-06-22",
    "schema:dateModified": "2018-01-02",
    "datatype": {
      "base": "date",
      "format": "dMMyyyy",
      "minimum": "2013-01-01"
    }
  },{
    "name": "principal_focus",
    "titles": [ "principal_focus" ],
    "dc:title": "Episode - Principal Focus of Treatment Plan",
    "schema:description": "The range of activities that best describes the overall services intended to be delivered to the client throughout the course of the episode. For most clients, this will equate to the activities that account for most time spent by the service provider.",
    "schema:disambiguatingDescription": "table/episode/principal-focus.rst",
    "schema:dateCreated": "2016-06-22",
    "schema:dateDeleted": "2016-06-22",
    "schema:dateModified": "2016-07-08",
    "datatype": {
      "base": "string"
    },
    "required": true
  },{
    "name": "mental_health_treatment_plan",
    "titles": [ "mental_health_treatment_plan" ],
    "dc:title": "Episode - GP Mental Health Treatment Plan Flag",
    "schema:description": "An indication of whether a client has a GP mental health treatment plan. A GP should be involved in a referral where appropriate however a mental health treatment plan is not mandatory.",
    "schema:dateCreated": "2016-06-22",
    "schema:dateDeleted": "2016-06-22",
    "schema:dateModified": "2016-07-08",
    "datatype": {
      "base": "string"
    },
    "required": true
  },{
    "name": "homelessness",
    "titles": [ "homelessness" ],
    "dc:title": "Episode - Homelessness Flag",
    "schema:description": "An indication of whether the client has been homeless in the 4 weeks prior to the current service episode.",
    "schema:disambiguatingDescription": "table/episode/homelessness.rst",
    "schema:dateCreated": "2016-06-22",
    "schema:dateDeleted": "2016-06-22",
    "schema:dateModified": "2016-06-22",
    "datatype": {
      "base": "string"
    },
    "required": true
  },{
    "name": "client_postcode",
    "titles": [ "client_postcode" ],
    "dc:title": "Episode - Area of usual residence, postcode",
    "schema:description": "The Australian postcode of the client.",
    "schema:disambiguatingDescription": "table/episode/client-postcode.rst",
    "schema:meteorItem": "429894",
    "schema:dateCreated": "2016-06-22",
    "schema:dateDeleted": "2016-06-22",
    "schema:dateModified": "2016-06-22",
    "datatype": {
      "base": "string",
      "format": "^([1-9][0-9]{3}|0[289][0-9]{2})$"
    },
    "required": true
  },{
    "name": "labour_force_status",
    "titles": [ "labour_force_status" ],
    "dc:title": "Episode - Labour Force Status",
    "schema:description": "The self-reported status the person currently has in being either in the labour force (employed/unemployed) or not in the labour force, as represented by a code.",
    "schema:disambiguatingDescription": "table/episode/labour-force-status.rst",
    "schema:meteorItem": "621450",
    "schema:dateCreated": "2016-06-22",
    "schema:dateDeleted": "2016-06-22",
    "schema:dateModified": "2016-06-22",
    "datatype": {
      "base": "string"
    },
    "required": true
  },{
    "name": "employment_participation",
    "titles": [ "employment_participation" ],
    "dc:title": "Episode - Employment Participation",
    "schema:description": "Whether a person in paid employment is employed full-time or part-time, as represented by a code.",
    "schema:disambiguatingDescription": "table/episode/employment-participation.rst",
    "schema:meteorItem": "269950",
    "schema:dateCreated": "2016-06-22",
    "schema:dateDeleted": "2016-06-22",
    "schema:dateModified": "2016-06-22",
    "datatype": {
      "base": "string"
    },
    "required": true
  },{
    "name": "income_source",
    "titles": [ "income_source" ],
    "dc:title": "Episode - Source of Cash Income",
    "schema:description": "The source from which a person derives the greatest proportion of his/her income, as represented by a code.",
    "schema:disambiguatingDescription": "table/episode/income-source.rst",
    "schema:meteorItem": "386449",
    "schema:dateCreated": "2016-06-22",
    "schema:dateModified": "2016-10-06",
    "datatype": {
      "base": "string"
    },
    "required": true
  },{
    "name": "health_care_card",
    "titles": [ "health_care_card" ],
    "dc:title": "Episode - Health Care Card",
    "schema:description": "An indication of whether the person is a current holder of a Health Care Card that entitles them to arrange of concessions for Government funded health services.",
    "schema:disambiguatingDescription": "table/episode/health-care-card.rst",
    "schema:meteorItem": "605149",
    "schema:dateCreated": "2016-06-22",
    "schema:dateModified": "2016-07-08",
    "datatype": {
      "base": "string"
    },
    "required": true
  },{
    "name": "ndis_participant",
    "titles": [ "ndis_participant" ],
    "dc:title": "Episode - NDIS Participant",
    "schema:description": "Is the client a participant in the National Disability Insurance Scheme?, as represented by a code.",
    "schema:dateCreated": "2016-06-22",
    "schema:dateDeleted": "2016-06-22",
    "schema:dateModified": "2016-06-22",
    "datatype": {
      "base": "string"
    },
    "required": true
  },{
    "name": "marital_status",
    "titles": [ "marital_status" ],
    "dc:title": "Episode - Marital Status",
    "schema:description": "A person's current relationship status in terms of a couple relationship or, for those not in a couple relationship, the existence of a current or previous registered marriage, as represented by a code.",
    "schema:disambiguatingDescription": "table/episode/marital-status.rst",
    "schema:meteorItem": "291045",
    "schema:dateCreated": "2016-06-22",
    "schema:dateDeleted": "2016-06-22",
    "schema:dateModified": "2016-06-22",
    "datatype": {
      "base": "string"
    },
    "required": true
  },{
    "name": "suicide_referral_flag",
    "titles": [ "suicide_referral_flag" ],
    "dc:title": "Episode - Suicide Referral Flag",
    "schema:description": "Identifies those individuals where a recent history of suicide attempt, or suicide risk, was a factor noted in the referral that underpinned the person's needs for assistance at entry to the episode, as represented by a code.",
    "schema:dateCreated": "2016-06-22",
    "schema:dateDeleted": "2016-06-22",
    "schema:dateModified": "2016-06-22",
    "datatype": {
      "base": "string"
    },
    "required": true
  },{
    "name": "principal_diagnosis",
    "titles": [ "principal_diagnosis" ],
    "dc:title": "Episode - Principal Diagnosis",
    "schema:description": "The Principal Diagnosis is the diagnosis established after study to be chiefly responsible for occasioning the client's care during the current Episode of Care.",
    "schema:disambiguatingDescription": "table/episode/principal-diagnosis.rst",
    "schema:dateCreated": "2016-06-22",
    "schema:dateModified": "2016-06-08",
    "datatype": {
      "base": "string"
    },
    "required": true
  },{
    "name": "additional_diagnosis",
    "titles": [ "additional_diagnosis" ],
    "dc:title": "Episode - Additional Diagnosis",
    "schema:description": "The main additional condition or complaint co-existing with the Principal Diagnosis or arising during the episode of care.",
    "schema:disambiguatingDescription": "table/episode/additional-diagnosis.rst",
    "schema:dateCreated": "2016-06-22",
    "schema:dateModified": "2016-06-08",
    "datatype": {
      "base": "string"
    },
    "required": true
  },{
    "name": "medication_antipsychotics",
    "titles": [ "medication_antipsychotics" ],
    "dc:title": "Episode - Medication - Antipsychotics (N05A)",
    "schema:description": "Whether the client is taking prescribed antipsychotics for a mental health condition as assessed at intake assessment, as represented by a code.",
    "schema:disambiguatingDescription": "table/episode/medication-antipsychotics.rst",
    "schema:dateCreated": "2016-06-22",
    "schema:dateDeleted": "2016-06-22",
    "schema:dateModified": "2016-06-22",
    "datatype": {
      "base": "string"
    },
    "required": true
  },{
    "name": "medication_anxiolytics",
    "titles": [ "medication_anxiolytics" ],
    "dc:title": "Episode - Medication - Anxiolytics (N05B)",
    "schema:description": "Whether the client is taking prescribed anxiolytics for a mental health condition as assessed at intake assessment, as represented by a code.",
    "schema:disambiguatingDescription": "table/episode/medication-anxiolytics.rst",
    "schema:dateCreated": "2016-06-22",
    "schema:dateDeleted": "2016-06-22",
    "schema:dateModified": "2016-06-22",
    "datatype": {
      "base": "string"
    },
    "required": true
  },{
    "name": "medication_hypnotics",
    "titles": [ "medication_hypnotics" ],
    "dc:title": "Episode - Medication - Hypnotics and sedatives (N05C)",
    "schema:description": "Whether the client is taking prescribed hypnotics and sedatives for a mental health condition as assessed at intake assessment, as represented by a code.",
    "schema:disambiguatingDescription": "table/episode/medication-hypnotics.rst",
    "schema:dateCreated": "2016-06-22",
    "schema:dateDeleted": "2016-06-22",
    "schema:dateModified": "2016-06-22",
    "datatype": {
      "base": "string"
    },
    "required": true
  },{
    "name": "medication_antidepressants",
    "titles": [ "medication_antidepressants" ],
    "dc:title": "Episode - Medication - Antidepressants (N06A)",
    "schema:description": "Whether the client is taking prescribed antidepressants for a mental health condition as assessed at intake assessment, as represented by a code.",
    "schema:disambiguatingDescription": "table/episode/medication-antidepressants.rst",
    "schema:dateCreated": "2016-06-22",
    "schema:dateDeleted": "2016-06-22",
    "schema:dateModified": "2016-06-22",
    "datatype": {
      "base": "string"
    },
    "required": true
  },{
    "name": "medication_psychostimulants",
    "titles": [ "medication_psychostimulants" ],
    "dc:title": "Episode - Medication - Psychostimulants and nootropics (N06B)",
    "schema:description": "Whether the client is taking prescribed psychostimulants and nootropics for a mental health condition as assessed at intake assessment, as represented by a code.",
    "schema:disambiguatingDescription": "table/episode/medication-psychostimulants.rst",
    "schema:dateCreated": "2016-06-22",
    "schema:dateDeleted": "2016-06-22",
    "schema:dateModified": "2016-06-22",
    "datatype": {
      "base": "string"
    },
    "required": true
  },{
    "name": "referrer_profession",
    "titles": [ "referrer_profession" ],
    "dc:title": "Episode - Referrer Profession",
    "schema:description": "Profession of the provider who referred the client.",
    "schema:disambiguatingDescription": "table/episode/referrer-profession.rst",
    "schema:dateCreated": "2016-06-22",
    "schema:dateDeleted": "2016-06-22",
    "schema:dateModified": "2016-06-22",
    "datatype": {
      "base": "string"
    },
    "required": true
  },{
    "name": "referrer_organisation_type",
    "titles": [ "referrer_organisation_type" ],
    "dc:title": "Episode - Referrer Organisation Type",
    "schema:description": "Type of organisation in which the referring professional is based.",
    "schema:disambiguatingDescription": "table/episode/referrer-organisation-type.rst",
    "schema:dateCreated": "2016-06-22",
    "schema:dateDeleted": "2016-06-22",
    "schema:dateModified": "2016-06-22",
    "datatype": {
      "base": "string"
    },
    "required": true
  },{
    "name": "continuity_of_support",
    "titles": [ "continuity_of_support" ],
    "dc:title": "Episode - Continuity of Support",
    "schema:description": "Is the client a Continuity of Support Client?",
    "schema:disambiguatingDescription": "table/episode/continuity-of-support.rst",
    "schema:dateCreated": "2019-07-01",
    "schema:dateDeleted": "2019-07-01",
    "schema:dateModified": "2019-07-01",
    "datatype": {
      "base": "string"
    },
    "required": true
  },{
    "name": "episode_tags",
    "titles": [ "episode_tags" ],
    "dc:title" : "Episode - Tags",
    "schema:description": "List of tags for the episode.",
    "schema:disambiguatingDescription": "type/tags.rst",
    "schema:dateCreated": "2016-06-22",
    "schema:dateDeleted": "2016-06-22",
    "schema:dateModified": "2016-06-22",
    "datatype": {
      "base": "string"
      },
    "required": false
  }],
  "primaryKey": [ "organisation_path", "episode_key" ],
  "foreignKeys": [{
    "columnReference": "episode_completion_status",
    "reference": {
      "resource": "table/episode/completion-status.csv",
      "columnReference": "id"
    }
  }, {
    "columnReference": [ "organisation_path", "client_key" ],
    "reference": {
      "resource": "data/clients.csv",
      "columnReference": [ "organisation_path", "client_key" ]
    }
  }, {
    "columnReference": "client_consent",
    "reference": {
      "resource": "table/episode/client-consent.csv",
      "columnReference": "id"
    }
  }, {
    "columnReference": "principal_focus",
    "reference": {
      "resource": "table/episode/principal-focus.csv",
      "columnReference": "id"
    }
  }, {
    "columnReference": "mental_health_treatment_plan",
    "reference": {
      "resource": "table/episode/mental-health-treatment-plan.csv",
      "columnReference": "id"
    }
  }, {
    "columnReference": "homelessness",
    "reference": {
      "resource": "table/episode/homelessness.csv",
      "columnReference": "id"
    }
  }, {
    "columnReference": "labour_force_status",
    "reference": {
      "resource": "table/episode/labour-force-status.csv",
      "columnReference": "id"
    }
  }, {
    "columnReference": "employment_participation",
    "reference": {
      "resource": "table/episode/employment-participation.csv",
      "columnReference": "id"
    }
  }, {
    "columnReference": "income_source",
    "reference": {
      "resource": "table/episode/income-source.csv",
      "columnReference": "id"
    }
  }, {
    "columnReference": "health_care_card",
    "reference": {
      "resource": "table/episode/health-care-card.csv",
      "columnReference": "id"
    }
  }, {
    "columnReference": "ndis_participant",
    "reference": {
      "resource": "table/episode/ndis-participant.csv",
      "columnReference": "id"
    }
  }, {
    "columnReference": "marital_status",
    "reference": {
      "resource": "table/episode/marital-status.csv",
      "columnReference": "id"
    }
  }, {
    "columnReference": "suicide_referral_flag",
    "reference": {
      "resource": "type/boolean-unknown.csv",
      "columnReference": "id"
    }
  }, {
    "columnReference": "principal_diagnosis",
    "reference": {
      "resource": "table/episode/principal-diagnosis.csv",
      "columnReference": "id"
    }
  }, {
    "columnReference": "additional_diagnosis",
    "reference": {
      "resource": "table/episode/additional-diagnosis.csv",
      "columnReference": "id"
    }
  }, {
    "columnReference": "medication_antipsychotics",
    "reference": {
      "resource": "type/boolean-unknown.csv",
      "columnReference": "id"
    }
  }, {
    "columnReference": "medication_anxiolytics",
    "reference": {
      "resource": "type/boolean-unknown.csv",
      "columnReference": "id"
    }
  }, {
    "columnReference": "medication_hypnotics",
    "reference": {
      "resource": "type/boolean-unknown.csv",
      "columnReference": "id"
    }
  }, {
    "columnReference": "medication_antidepressants",
    "reference": {
      "resource": "type/boolean-unknown.csv",
      "columnReference": "id"
    }
  }, {
    "columnReference": "medication_psychostimulants",
    "reference": {
      "resource": "type/boolean-unknown.csv",
      "columnReference": "id"
    }
  }, {
    "columnReference": "referrer_profession",
    "reference": {
      "resource": "table/episode/referrer-profession.csv",
      "columnReference": "id"
    }
  }, {
    "columnReference": "referrer_organisation_type",
    "reference": {
      "resource": "table/episode/referrer-organisation-type.csv",
      "columnReference": "id"
    }
  }, {
    "columnReference": "continuity_of_support",
    "reference": {
      "resource": "table/episode/continuity-of-support.csv",
      "columnReference": "id"
    }
  }]
}
