{
  "@id": "organisation-metadata.json",
  "@context": { "http://www.w3.org/ns/csvw": { "@language": "en" } },
  "columns": [{
    "name": "organisation_path",
    "titles": [ "organisation_path", "Organisation Path" ],
    "dc:title": "Organisation Path",
    "schema:description": "A sequence of colon separated Organisation Keys that fully specifies the Provider Organisation providing a service to the client.",
    "schema:disambiguatingDescription": "type/organisation_path.rst",
    "schema:dateCreated": "2016-06-22",
    "schema:dateDeleted": "2016-06-22",
    "schema:dateModified": "2016-06-22",
    "datatype": {
      "base": "string"
      },
    "required": true
  },{
    "name": "organisation_key",
    "titles": [ "organisation_key", "Organisation Key" ],
    "dc:title": "Organisation Key",
    "schema:description": "A sequence of characters which uniquely identifies the provider organisation to the Primary Health Network. Assigned by the Primary Health Network.",
    "schema:disambiguatingDescription": "table/organisation/key.rst",
    "schema:dateCreated": "2016-06-22",
    "schema:dateDeleted": "2016-06-22",
    "schema:dateModified": "2016-06-22",
    "datatype": {
      "base": "string",
      "minLength": 2,
      "maxLength": 50
      },
    "required": true
  },{
    "name": "organisation_name",
    "titles": [ "organisation_name", "Name" ],
    "dc:title" : "Provider Organisation - Name",
    "schema:description": "The name of the provider organisation.",
    "schema:dateCreated": "2016-06-22",
    "schema:dateDeleted": "2016-06-22",
    "schema:dateModified": "2016-06-22",
    "datatype": {
      "base": "string",
      "minLength": 2,
      "maxLength": 100
      },
    "required": true
    },{
      "name": "organisation_legal_name",
      "titles": [ "organisation_legal_name", "Legal Name" ],
      "dc:title" : "Provider Organisation - Legal Name",
      "schema:description": "The legal name of the provider organisation.",
      "schema:dateCreated": "2017-04-26",
      "schema:dateDeleted": "2017-04-26",
      "schema:dateModified": "2017-04-26",
      "datatype": {
        "base": "string"
      },
      "required": false
  },{
    "name": "organisation_abn",
    "titles": [ "organisation_abn", "ABN" ],
    "dc:title" : "Provider Organisation - ABN",
    "schema:description": "The Australian Business Number of the provider organisation.",
    "schema:dateCreated": "2016-07-08",
    "schema:dateModified": "2016-07-08",
    "datatype": {
      "base": "string",
      "length": 11
    },
    "required": true
  },{
     "name": "organisation_type",
    "titles": [ "organisation_type", "Type" ],
    "dc:title" : "Provider Organisation - Type",
    "schema:description": "The category that best describes the provider organisation.",
    "schema:disambiguatingDescription": "table/organisation/type.rst",
    "schema:dateCreated": "2016-06-22",
    "schema:dateDeleted": "2016-06-22",
    "schema:dateModified": "2016-06-22",
    "datatype": {
      "base": "string"
    },
    "required": true
  },{
    "name": "organisation_state",
    "titles": [ "organisation_state", "State" ],
    "dc:title" : "Provider Organisation - State",
    "schema:description": "The state that the provider organisation operates in.",
    "schema:disambiguatingDescription": "table/organisation/state.rst",
    "schema:meteorItem": "613718",
    "schema:dateCreated": "2016-06-22",
    "schema:dateDeleted": "2016-06-22",
    "schema:dateModified": "2016-06-22",
    "datatype": {
      "base": "string"
    },
    "required": true
  },{
    "name": "organisation_status",
    "titles": [ "organisation_status", "Status" ],
    "dc:title" : "Provider Organisation - Status",
    "schema:description": "A flag to represent whether a provider organisation is actively delivering services.",
    "schema:dateCreated": "2016-06-22",
    "schema:dateDeleted": "2016-06-22",
    "schema:dateModified": "2017-06-29",
    "datatype": {
      "base": "string"
    },
    "required": true
  },{
    "name": "organisation_tags",
    "titles": [ "organisation_tags", "Tags" ],
    "dc:title" : "Provider Organisation - Tags",
    "schema:description": "List of tags for the provider organisation.",
    "schema:disambiguatingDescription": "type/tags.rst",
    "schema:dateCreated": "2016-06-22",
    "schema:dateDeleted": "2016-06-22",
    "schema:dateModified": "2016-06-22",
    "datatype": {
      "base": "string"
      },
    "required": false
  }],
  "primaryKey": "organisation_path",
  "foreignKeys": [{
    "columnReference": "organisation_state",
    "reference": {
      "resource": "table/organisation/state.csv",
      "columnReference": "id"
    }
  }, {
    "columnReference": "organisation_type",
    "reference": {
      "resource": "table/organisation/type.csv",
      "columnReference": "id"
    }
  }, {
    "columnReference": "organisation_status",
    "reference": {
      "resource": "type/active.csv",
      "columnReference": "id"
    }
  }]
}
